classifier,preprocessed,unprocessed
GaussianNB,0.669223007064,0.679640718563
BernoulliNB,0.674066599395,0.665069860279
linearsvc,0.676286579213,0.677844311377
sgd,0.671644803229,0.67624750499
extratree,0.660141271443,0.663872255489
knn,0.674470232089,0.67624750499
decisiontree,0.657921291625,0.658283433134
