classifier,preprocessed,unprocessed
GaussianNB,0.665650406504,0.686626746507
BernoulliNB,0.646341463415,0.665668662675
linearsvc,0.644308943089,0.675648702595
sgd,0.623983739837,0.636726546906
extratree,0.64837398374,0.644710578842
knn,0.642276422764,0.671656686627
decisiontree,0.62906504065,0.632734530938
