classifier,preprocessed,unprocessed
GaussianNB,0.67931382442,0.67624750499
BernoulliNB,0.674066599395,0.664870259481
linearsvc,0.683753784057,0.679840319361
sgd,0.673864783047,0.668862275449
extratree,0.670433905146,0.668263473054
knn,0.677295660949,0.677045908184
decisiontree,0.656306760848,0.653493013972
